customer_id,name,age,transaction_count,total_online_order,total_cash_order,total_standard_cost,max_transaction_amount,min_transaction_amount,average_transaction_amount
720,"Darrel Canet",91,10,5,5,5792.18,1759.85,101.58,579.218000
1092,"Katlin Creddon",87,5,2,3,3648.45,1234.29,125.07,729.690000
3410,"Merrili Brittin",82,3,3,0,1234.05,667.40,44.71,411.350000
658,"Donn Bonnell",79,5,1,4,2709.14,954.82,215.14,541.828000
2413,"Abbey Murrow",79,7,3,4,4143.64,1580.47,74.51,591.948571
1,"Laraine Medendorp",69,11,6,5,6066.36,1531.42,53.62,551.487273
187,"Pincas Ather",69,7,4,3,3883.91,1203.40,74.51,554.844286
220,"Jeniffer Apark",69,6,3,3,3154.58,1167.18,13.44,525.763333
255,"Keeley Kruger",69,11,5,6,7213.94,1610.90,13.44,655.812727
366,"Constance Ucchino",69,6,2,4,3174.41,1203.40,53.62,529.068333
467,"Welbie Rockliffe",69,6,2,4,3215.07,933.84,7.21,535.845000
719,"Pattin Weathey",69,8,5,3,6568.92,1531.42,101.58,821.115000
846,"Alvan Rebichon",69,3,2,1,2256.28,1531.42,260.14,752.093333
984,"Luciano Weddup",69,8,2,6,3914.29,954.82,154.40,489.286250
1177,"Bobbette Pozzi",69,8,5,3,5920.42,1759.85,45.26,740.052500
1243,"Robbert Blakey",69,10,6,4,6497.65,1479.11,108.76,649.765000
1565,"Jay Janiszewski",69,2,2,0,1900.85,1105.75,795.10,950.425000
1905,"Corabelle ",69,9,4,5,4761.73,1531.42,13.44,529.081111
1949,"Onida Cockshot",69,7,2,5,4960.90,950.52,400.91,708.700000
2019,"Neda Perkis",69,9,5,3,4550.44,1531.42,99.59,505.604444
2178,"Veriee Colthard",69,4,2,2,3080.04,1259.36,125.07,770.010000
2208,"Lavena Embling",69,6,2,4,3058.63,933.84,205.36,509.771667
2283,"Gaspar Janaway",69,7,4,3,2578.30,1105.75,13.44,368.328571
2486,"Alaine Halbord",69,2,2,0,2060.57,1105.75,954.82,1030.285000
2495,"Gwenore Suero",69,8,1,7,3264.33,818.01,56.93,408.041250
2529,"Ben Laidler",69,7,4,3,4917.59,1759.85,44.71,702.512857
2599,"Pauly Eilles",69,7,3,3,3450.21,826.51,125.07,492.887143
2610,"Arliene Bartolijn",69,8,4,4,2900.31,874.90,108.76,362.538750
2746,"Carmelia Egle of Germany",69,3,2,1,739.88,363.25,161.60,246.626667
2813,"Lillian Crookall",69,5,1,3,3115.35,950.52,137.90,623.070000
2959,"Max Gonthier",69,3,2,1,1690.31,954.82,136.73,563.436667
3100,"Peggy Wrankling",69,4,2,2,1660.30,667.40,161.60,415.075000
3103,"Shaylah Hatchell",69,8,1,7,4043.30,993.66,211.37,505.412500
3259,"Rabi ",69,2,0,2,606.93,521.94,84.99,303.465000
3370,"Brant Follis",69,7,2,4,3390.67,954.82,101.58,484.381429
3393,"Henrietta Olexa",69,5,2,3,2800.72,829.65,173.18,560.144000
3455,"Coop Skey",69,6,3,3,2907.65,950.52,53.62,484.608333
3471,"Brita Afonso",69,4,2,2,2723.38,1105.75,173.18,680.845000
91,"Dylan Meaker",68,8,3,5,2824.03,764.96,53.62,353.003750
141,"Townsend Trobe",68,3,2,1,1915.63,874.90,363.25,638.543333
230,"Maegan Scyone",68,11,4,7,6435.97,1234.29,75.26,585.088182
269,"Zacherie Grindley",68,5,1,4,3546.52,1259.36,56.93,709.304000
371,"Pernell Favelle",68,5,1,4,1855.28,709.48,108.76,371.056000
512,"Sigfried Semken",68,4,3,1,3097.61,1479.11,388.72,774.402500
534,"Madel Palffrey",68,8,6,2,3413.86,829.51,57.74,426.732500
686,"Hallie Le feaver",68,5,2,3,2549.06,1082.36,45.26,509.812000
794,"Scott Ommundsen",68,7,4,3,3584.07,933.84,84.99,512.010000
1012,"Anna-diane Preddle",68,4,2,2,2390.23,863.95,141.40,597.557500
1015,"Toiboid Sorrel",68,6,0,6,4959.92,1580.47,312.74,826.653333
1143,"Goraud Boissieux",68,5,0,5,3835.11,1516.13,108.76,767.022000
1541,"Dynah Grimes",68,5,2,3,2986.31,1203.40,84.99,597.262000
1610,"Valaree Chisolm",68,5,2,3,3178.46,954.82,44.71,635.692000
1710,"Matilde MacKeeg",68,4,4,0,2428.97,1043.77,215.03,607.242500
1739,"Burnaby Stiffkins",68,4,2,2,1819.46,707.40,57.74,454.865000
1807,"Pollyanna Serjeantson",68,6,4,2,4314.29,1531.42,45.26,719.048333
1836,"Rochella Harce",68,2,1,1,1612.85,863.95,748.90,806.425000
1978,"Marge Skerm",68,3,1,2,1816.55,1234.29,56.93,605.516667
2050,"Opal Costa",68,4,1,3,2384.10,954.82,234.43,596.025000
2114,"Erick Caveill",68,6,3,3,3708.90,1759.85,74.51,618.150000
2361,"Jeannette Cerman",68,7,4,3,3462.06,1479.11,161.60,494.580000
2421,"Marilee Garbott",68,6,3,3,2426.58,1082.36,45.26,404.430000
2506,"Arlana Ferrick",68,4,3,1,1957.44,826.51,234.43,489.360000
2518,"Krystalle Ives",68,5,4,1,2901.75,1167.18,57.74,580.350000
2573,"Tera Van Weedenburg",68,4,1,3,2081.08,950.52,136.73,520.270000
2713,"Hadlee Mackro",68,3,2,0,2483.68,1516.13,137.90,827.893333
2758,"Fabien Whittlesea",68,3,2,1,1559.91,677.48,215.03,519.970000
2772,"Reynolds Vreede",68,5,5,0,2692.47,874.90,84.99,538.494000
2815,"Emery Carlett",68,9,2,7,4321.64,1043.77,44.71,480.182222
2950,"Kristos Anthony",68,3,0,3,1307.16,954.82,53.62,435.720000
3004,"Waylon Hammant",68,5,3,2,1498.75,933.84,57.74,299.750000
3166,"Bronson Plowman",68,7,3,4,4750.38,1203.40,99.59,678.625714
3380,"Abe Ealam",68,5,2,3,3294.70,1759.85,108.76,658.940000
98,"Allianora Babalola",67,5,1,3,4249.49,1479.11,464.72,849.898000
113,"Gage Nickless",67,6,3,3,3083.48,1043.77,211.37,513.913333
166,"Elston Oleszczak",68,8,1,6,5540.28,1516.13,53.62,692.535000
275,"Dud ",67,7,4,2,4760.49,1479.11,45.26,680.070000
360,"Atalanta Starbucke",67,5,2,3,999.16,333.18,57.74,199.832000
380,"Teriann Birdsey",67,8,1,7,4065.43,1203.40,154.40,508.178750
471,"Libby Wardesworth",67,6,1,5,2325.51,770.89,44.71,387.585000
486,"Prudi Edon",67,5,3,2,2407.81,993.66,141.40,481.562000
577,"Nadean Fielding",67,11,5,6,6272.66,1234.29,136.73,570.241818
701,"Ransell Ruler",67,6,2,4,4069.73,1479.11,173.18,678.288333
722,"Stewart Brosoli",67,5,3,2,3614.17,1516.13,99.59,722.834000
767,"Gustav Kos",67,5,1,4,3758.75,1516.13,137.90,751.750000
968,"Wayne Woodfin",68,7,4,2,4719.08,1610.90,7.21,674.154286
1046,"Shir Clevely",67,5,2,3,1861.00,707.40,161.60,372.200000
1077,"Sheba Este",67,6,3,3,4911.99,1479.11,53.62,818.665000
1201,"Stephani Mellhuish",67,3,1,2,1522.05,612.88,380.74,507.350000
1306,"Doyle Oleksinski",67,6,3,2,1635.14,675.03,53.62,272.523333
1421,"Mallorie Gouth",67,6,5,1,2922.41,874.90,53.62,487.068333
1553,"Vanna Matts",67,4,0,4,2419.20,1610.90,74.51,604.800000
1616,"Shamus Attenbrough",67,7,1,6,4263.26,874.90,205.36,609.037143
1662,"Xenia Willmett",67,5,2,3,1407.26,677.48,137.90,281.452000
1675,"Luke Wombwell",67,4,3,1,1505.28,649.49,99.59,376.320000
1702,"Bryn Whisby",67,6,2,4,3270.15,826.51,270.30,545.025000
1745,"Leigha Clawson",67,12,6,6,6861.27,1479.11,7.21,571.772500
1800,"Dianemarie Hatherall",67,4,2,1,2328.97,1203.40,84.99,582.242500
2052,"Ganny Sealeaf",67,9,8,1,4042.19,764.96,45.26,449.132222
2085,"Carolynn Samsin",67,3,1,2,2097.79,733.58,675.03,699.263333
2193,"Roldan Carrington",67,4,2,2,3129.24,1105.75,260.14,782.310000
2226,"Hedvig Flatt",67,8,7,1,5173.85,1479.11,205.36,646.731250
2228,"Rosita Soppeth",67,4,2,2,2154.18,1259.36,56.93,538.545000
2380,"Merissa Milella",67,7,4,2,2717.15,820.78,74.51,388.164286
2408,"Celestia ",67,3,1,2,1096.01,675.03,13.44,365.336667
2485,"Ringo Parkyn",67,6,3,2,4256.22,1516.13,211.37,709.370000
2747,"Anna-diane Crumpe",67,8,3,5,4157.16,993.66,44.71,519.645000
2818,"Frazier Streak",67,4,2,2,1533.51,733.58,99.59,383.377500
2867,"Lem Meegan",67,5,4,1,1779.28,677.48,53.62,355.856000
2908,"Tiffy Feenan",67,6,4,2,1571.69,525.33,53.62,261.948333
2913,"Padraic Bonnar",67,6,3,3,3581.46,1759.85,125.07,596.910000
2972,"Deena Burnsides",67,4,0,4,2029.53,954.82,215.14,507.382500
3017,"Jason De Lorenzo",67,6,2,2,2464.18,826.51,75.26,410.696667
3129,"Leola Mandrier",67,5,4,1,2814.66,1479.11,248.82,562.932000
3185,"Duky Crichley",67,7,4,3,4869.36,1167.18,215.03,695.622857
3291,"Cindy Eakin",67,4,4,0,1747.91,677.48,99.59,436.977500
3330,"Tina Pristnor",67,8,3,5,5364.72,1259.36,101.58,670.590000
55,"Linc Jillions",66,8,4,4,3533.35,1167.18,84.99,441.668750
102,"Langsdon Tranfield",66,7,4,3,4072.21,778.69,125.07,581.744286
200,"Hube Weald",66,9,2,7,3833.50,764.96,173.18,425.944444
298,"Maurise Lenglet",66,10,4,5,6108.23,1516.13,154.40,610.823000
299,"Corabelle Hartnell",66,7,1,6,3398.20,762.63,108.76,485.457143
300,"Malachi Hadcroft",66,5,2,3,3527.84,954.82,260.14,705.568000
423,"Orville Akerman",66,5,2,3,3468.80,1234.29,230.09,693.760000
538,"Millicent Wiffler",66,7,4,3,2497.06,762.63,74.51,356.722857
575,"Etan Poyle",67,2,2,0,1284.07,993.66,290.41,642.035000
647,"Stanislas Baildon",66,9,3,6,5424.42,829.51,297.43,602.713333
728,"Winthrop Corser",66,9,4,5,4507.69,778.69,13.44,500.854444
837,"Derick Fasler",66,3,2,1,2070.44,950.52,290.41,690.146667
1009,"Nolie Orring",66,5,2,2,3402.35,1580.47,56.93,680.470000
1037,"Sissie Rielly",66,8,3,5,4556.74,1580.47,45.26,569.592500
1072,"Curt Petrello",66,3,1,2,1595.26,820.78,161.60,531.753333
1131,"Sigmund Barkworth",66,8,1,6,4492.32,1234.29,44.71,561.540000
1426,"Allyn Carswell",66,7,3,4,2087.72,950.52,108.76,298.245714
1458,"Ashley Behneke",66,3,1,2,1092.81,829.65,108.76,364.270000
1461,"Earl Skeels",66,7,2,5,2670.02,954.82,57.74,381.431429
1546,"Natalya Moscone",66,6,4,2,3614.86,954.82,381.10,602.476667
1671,"Nerty Renak",66,4,1,3,1975.99,954.82,53.62,493.997500
1748,"Skell Oxenden",67,10,7,3,6038.31,1167.18,141.40,603.831000
1858,"Gabriella ",66,8,6,2,7024.81,1610.90,99.59,878.101250
1987,"Jacobo Rosenblum",67,4,2,2,1940.02,748.90,161.60,485.005000
1988,"Kelwin Goldsmith",66,8,5,3,4681.23,1167.18,57.74,585.153750
2068,"Wandie Nare",66,5,3,2,1225.04,448.90,57.74,245.008000
2214,"Farlay Plevey",66,5,2,3,2724.54,1043.77,108.76,544.908000
2282,"Dominic Gregoletti",66,6,2,4,3687.10,1479.11,154.40,614.516667
2304,"Shelia Bellew",66,7,5,2,5626.12,1479.11,381.10,803.731429
2347,"L;urette Annott",66,9,6,3,5090.08,1203.40,161.60,565.564444
2367,"Lorne Sabin",66,7,2,4,4698.05,954.82,161.60,671.150000
2434,"Lenci Soars",66,9,4,5,3149.88,950.52,7.21,349.986667
2446,"Lovell Kiss",66,7,3,4,4185.17,933.84,57.74,597.881429
2476,"Hal Braddon",66,14,6,8,7085.46,1479.11,7.21,506.104286
2663,"Royce Pietrowicz",66,5,3,2,5386.21,1610.90,99.59,1077.242000
2676,"Stinky Marlen",66,6,4,2,4330.90,1234.29,211.37,721.816667
2734,"Hetty Thormann",66,3,3,0,1149.51,764.96,173.18,383.170000
2774,"Danella Chevers",66,5,3,2,2936.36,1082.36,125.07,587.272000
2857,"Alanna Geram",66,6,5,1,3600.62,1203.40,363.25,600.103333
3002,"Tracey Verdun",66,7,4,2,4008.52,829.65,136.73,572.645714
3028,"Leandra Schubert",66,5,3,1,2577.79,829.65,84.99,515.558000
3034,"Mara Tofanini",66,5,2,3,2835.48,1043.77,108.76,567.096000
3270,"Tracey Redsull",66,5,2,3,4934.75,1580.47,513.85,986.950000
3302,"Faulkner McKiernan",66,5,3,1,1295.62,582.48,74.51,259.124000
3348,"Amanda Hazeltine",66,3,2,1,1613.66,933.84,298.72,537.886667
3457,"Robbi Springthorpe",66,3,1,2,923.56,459.71,215.03,307.853333
3462,"Jehanna Sparhawk",66,5,3,2,976.04,363.25,13.44,195.208000
3483,"Emlyn Burnel",66,6,5,1,5884.99,1759.85,312.74,980.831667
3486,"Reece Crewther",66,4,2,2,1749.74,993.66,57.74,437.435000
33,"Ernst Hacon",65,7,3,4,4089.96,1580.47,13.44,584.280000
84,"Rich Mathiasen",65,7,1,6,3169.43,1203.40,56.93,452.775714
85,"Kane Tixall",65,6,3,3,2595.26,1234.29,45.26,432.543333
143,"Kendall Figg",65,4,2,2,2214.44,954.82,230.09,553.610000
154,"Faydra Dulieu",65,5,3,2,2837.90,1259.36,45.26,567.580000
169,"Alfy Bruhnke",65,3,3,0,1368.82,764.96,215.14,456.273333
209,"Udall Bellard",65,5,4,1,3012.41,1082.36,108.76,602.482000
214,"Jeramie Cellier",65,6,4,1,4335.62,1580.47,7.21,722.603333
311,"Jaimie Halms",65,6,4,2,3504.58,1167.18,108.76,584.096667
315,"Lisa Odlin",65,9,6,3,5477.40,1043.77,136.73,608.600000
338,"Hilliary Littrell",65,7,6,1,6234.80,1531.42,298.72,890.685714
343,"Nicole Johananoff",65,9,5,4,5184.44,1759.85,13.44,576.048889
413,"Simone Denys",65,5,1,4,1483.83,818.01,44.71,296.766000
436,"Erwin Pendre",65,3,2,1,1249.88,733.58,108.76,416.626667
516,"Craggy Loadsman",65,10,3,7,4299.49,818.01,7.21,429.949000
556,"Oralia Gifford",65,5,2,3,2975.30,820.78,381.10,595.060000
568,"Quinn Fulks",65,7,3,4,3767.85,1234.29,7.21,538.264286
610,"Hyatt Craine",65,9,5,4,4736.04,1105.75,56.93,526.226667
1350,"Bing Vicar",65,2,2,0,1008.20,709.48,298.72,504.100000
1383,"Coriss Casarino",65,4,2,1,769.58,388.92,45.26,192.395000
1385,"Melesa Priddy",65,5,2,3,4808.15,1516.13,459.71,961.630000
1395,"Jandy Pennazzi",65,3,1,1,2567.61,1479.11,381.10,855.870000
1404,"Emmott Mercik",65,10,6,4,3975.01,993.66,53.62,397.501000
1405,"Kylie Spriggin",65,11,5,6,5386.84,1082.36,7.21,489.712727
1469,"Shermy ",65,6,4,2,2837.35,954.82,56.93,472.891667
1506,"Andonis Cochrane",65,10,5,5,4623.04,1759.85,13.44,462.304000
1572,"Tam Jahner",65,6,3,3,2468.86,778.69,74.51,411.476667
1677,"Petrina Pollins",65,8,4,4,5406.62,1580.47,7.21,675.827500
1699,"Poul Dumphy",65,8,4,3,4638.77,1516.13,57.74,579.846250
1874,"Nickolai McChesney",65,5,1,4,1811.78,677.48,205.36,362.356000
1881,"Gherardo Lahy",65,7,5,2,3540.35,733.58,108.76,505.764286
1926,"Stefano Menhenitt",65,5,2,3,2851.62,1105.75,260.14,570.324000
2041,"Mort Heath",65,6,2,4,3929.78,1479.11,205.36,654.963333
2089,"Erie Ballston",65,2,2,0,358.00,312.74,45.26,179.000000
2126,"Hugibert Getcliff",65,4,1,3,2368.98,1167.18,215.14,592.245000
2329,"Donny Stiven",65,5,2,3,1975.46,954.82,53.62,395.092000
2348,"Keeley Winslet",65,4,3,1,1620.10,874.90,75.26,405.025000
2402,"Merrielle Strafen",66,3,3,0,3702.47,1580.47,954.82,1234.156667
2405,"Quintana Merricks",65,5,2,3,963.95,448.90,56.93,192.790000
2442,"Odie Enrrico",65,6,2,4,2394.60,795.10,84.99,399.100000
2500,"Micky Livings",65,3,2,1,1769.45,1259.36,211.37,589.816667
2652,"Kelbee Bernat",65,5,3,2,1856.73,762.63,75.26,371.346000
2870,"Aldis Chazerand",65,2,0,2,463.98,388.72,75.26,231.990000
3038,"Hermione ",65,6,3,3,2073.33,667.40,108.76,345.555000
3154,"Angil Ellesmere",65,7,2,5,4537.36,1167.18,125.07,648.194286
3242,"Lib Schohier",65,7,3,4,2560.75,675.03,108.76,365.821429
3440,"Retha Kahane",65,5,1,4,3783.05,1479.11,151.96,756.610000
205,"Rolfe Kellard",64,9,5,4,4896.61,1516.13,75.26,544.067778
294,"Magnum Slowan",64,7,6,1,3209.47,1234.29,108.76,458.495714
330,"Port Pancost",64,6,1,5,3216.40,1043.77,74.51,536.066667
359,"Dulcine Gauson",64,10,6,4,5642.87,1234.29,7.21,564.287000
418,"Jere Ding",64,6,2,4,2973.01,709.48,230.09,495.501667
420,"Clem Leek",64,10,4,6,7428.37,1167.18,137.90,742.837000
495,"Lucius Prescott",64,6,3,3,2033.10,820.78,7.21,338.850000
536,"Jannelle Leist",64,4,1,2,1250.52,448.90,206.35,312.630000
781,"Elvis O'Leagham",64,5,3,2,1507.15,778.69,7.21,301.430000
1041,"Free Bonniface",64,4,2,2,1978.52,764.96,205.36,494.630000
1095,"Emelda Gerler",64,4,0,4,2417.70,874.90,388.92,604.425000
1183,"Joe Shalliker",64,5,2,3,2919.16,1105.75,206.35,583.832000
1199,"Ludovico Bertot",65,8,3,5,4053.13,954.82,125.07,506.641250
1254,"Quillan McDuffie",64,7,5,2,3355.12,954.82,45.26,479.302857
1433,"Marya Szwandt",64,3,2,1,2121.54,1234.29,57.74,707.180000
1608,"Fernande Petzolt",64,3,1,2,1605.16,993.66,211.37,535.053333
1731,"Aigneis MacKall",64,11,3,8,4494.63,933.84,53.62,408.602727
1742,"Quintin Dublin",64,6,5,1,5226.12,1580.47,270.30,871.020000
1750,"Filbert Evreux",64,6,3,3,2540.66,874.90,44.71,423.443333
1767,"Cicely Millier",64,5,5,0,2820.85,1259.36,215.03,564.170000
1810,"Royall Terris",64,2,2,0,290.29,215.03,75.26,145.145000
1849,"Jess Bollans",64,6,4,2,2991.77,863.95,53.62,498.628333
1946,"Brannon Gladman",64,13,6,7,7173.56,1610.90,7.21,551.812308
1974,"Aharon Moller",65,5,3,2,2179.12,950.52,45.26,435.824000
2060,"Constancia Akram",64,11,5,6,5304.08,795.10,131.92,482.189091
2220,"Curr Jancey",64,4,2,2,2400.83,1105.75,141.40,600.207500
2229,"Linette Gotmann",64,4,0,4,1823.68,795.10,57.74,455.920000
2253,"Gracie Kubacki",64,6,3,3,5635.57,1531.42,431.45,939.261667
2339,"Damien Haddeston",64,9,5,3,5827.49,1759.85,44.71,647.498889
2343,"Wilhelm Corteis",64,3,2,1,939.74,677.48,13.44,313.246667
2350,"Lorinda Malpass",64,6,2,2,4478.09,1580.47,211.37,746.348333
2354,"Tammie Fisbey",64,5,2,3,1359.40,709.48,7.21,271.880000
2358,"Ave Peatt",64,11,6,5,4840.70,874.90,53.62,440.063636
2376,"Eada Narbett",64,4,1,2,3461.39,1759.85,400.91,865.347500
2385,"Gaultiero Lissenden",64,8,5,3,3104.81,933.84,125.07,388.101250
2407,"Merrily ",64,5,3,2,3315.14,795.10,464.72,663.028000
2441,"Loutitia Pinkie",64,2,0,2,1616.08,1167.18,448.90,808.040000
2538,"Jacinta Petrillo",64,9,4,5,5899.78,1203.40,234.43,655.531111
2576,"Lotty Szubert",64,7,4,3,5748.85,1610.90,400.13,821.264286
2635,"Arty Mac Geaney",64,8,2,6,5602.65,1516.13,53.62,700.331250
2656,"Halli Littledike",64,7,4,3,4909.11,1610.90,74.51,701.301429
2667,"Randene Brown",64,5,2,3,3302.23,1516.13,205.36,660.446000
2680,"Noella Firk",64,9,5,4,5617.09,1531.42,53.62,624.121111
2728,"Imojean Atyeo",64,8,2,6,5605.18,1479.11,7.21,700.647500
2735,"Ricoriki Burree",64,2,2,0,504.73,270.30,234.43,252.365000
2830,"Bjorn Simioli",64,5,2,3,2394.76,1580.47,53.62,478.952000
2890,"Nevile Ecclesall",64,7,3,4,4058.43,1167.18,101.58,579.775714
2984,"Frances Mishaw",64,5,2,2,2334.13,649.49,137.90,466.826000
3080,"Christoforo Santus",64,9,4,5,5723.12,954.82,101.58,635.902222
3109,"Jeralee Domleo",64,5,1,4,3070.22,1610.90,108.76,614.044000
3121,"Mahmoud Batterbee",64,6,1,5,3215.31,993.66,206.35,535.885000
3205,"Egan Flockhart",64,6,5,1,3793.14,1610.90,56.93,632.190000
3233,"Xever Feeley",64,3,2,1,1695.61,954.82,7.21,565.203333
3244,"Rosene Bullar",64,4,2,2,2571.78,1531.42,7.21,642.945000
3245,"Wainwright Succamore",64,6,3,3,3641.92,954.82,56.93,606.986667
3279,"Morgun Razoux",64,1,1,0,380.74,380.74,380.74,380.740000
3282,"Helga Nuzzi",64,4,3,1,2030.57,1203.40,45.26,507.642500
3356,"Dill Bampford",64,5,2,3,3481.99,1259.36,99.59,696.398000
3436,"Marget Freeland",64,7,5,2,4787.29,1580.47,290.41,683.898571
51,"Fidelio Dilke",63,8,4,4,4812.06,1105.75,161.60,601.507500
61,"Kacey Rowbottom",63,6,1,5,3275.12,1259.36,136.73,545.853333
73,"Minette Worters",63,6,2,4,2949.36,954.82,53.62,491.560000
118,"Prentice Pearmain",63,5,3,2,1769.41,507.58,211.37,353.882000
125,"Darrelle Antoniewski",63,10,6,4,3762.31,950.52,53.62,376.231000
412,"Evanne Feechum",63,3,2,1,1986.09,829.65,407.54,662.030000
452,"Natalee Bamford",63,5,3,2,2310.84,1167.18,75.26,462.168000
462,"Melany Thorrington",63,6,4,2,4230.53,993.66,205.36,705.088333
565,"Saleem Meller",63,10,3,7,5375.27,1759.85,108.76,537.527000
805,"Jorrie Hanhardt",63,6,5,1,4170.42,1610.90,84.99,695.070000
873,"Worthington Penwarden",63,5,4,1,1199.74,459.71,44.71,239.948000
909,"Suzette Surgison",63,5,3,2,3271.29,1259.36,333.18,654.258000
977,"Olga Dyke",63,5,3,2,2700.19,829.51,380.74,540.038000
979,"Kayla Falkingham",63,5,4,1,3729.91,1259.36,507.58,745.982000
982,"Tibold Bonwell",63,6,3,3,1850.82,612.88,7.21,308.470000
1016,"Adrian Prettyjohns",63,6,3,3,4610.78,1580.47,56.93,768.463333
1104,"Jewelle Pincott",63,7,3,4,3889.33,1259.36,136.73,555.618571
1111,"Zach Maynard",63,7,4,3,4361.55,1043.77,101.58,623.078571
1216,"Frank Vallerine",63,4,0,4,1197.81,795.10,44.71,299.452500
1232,"Stillmann Wilfling",63,9,5,4,5734.29,1531.42,141.40,637.143333
1371,"Aretha Joscelyn",63,4,2,2,2875.66,954.82,376.84,718.915000
1417,"Micki Russel",63,7,2,5,5314.26,1234.29,211.37,759.180000
1420,"Minni Hanner",63,5,4,1,2844.20,863.95,7.21,568.840000
1423,"Tiphanie Klossek",63,6,1,5,3910.30,1082.36,388.92,651.716667
1473,"Darrick Feake",63,11,6,5,4922.54,1479.11,44.71,447.503636
1500,"Bellina Bradberry",63,5,3,2,3587.11,1759.85,206.35,717.422000
1604,"Natale Duinbleton",63,3,3,0,2085.95,1531.42,154.40,695.316667
1682,"Gerladina Cuddon",63,6,3,3,4717.01,1259.36,333.18,786.168333
1694,"Tonnie McLinden",63,7,4,3,3005.24,1259.36,56.93,429.320000
1812,"Daffi Sewley",63,10,4,5,6547.10,1610.90,108.76,654.710000
1824,"Robbie Yakubovics",63,7,3,4,3795.71,1167.18,44.71,542.244286
1910,"Yovonnda Warrior",63,3,1,2,2134.30,1259.36,56.93,711.433333
1979,"Ephrem Cariss",63,5,2,3,3520.89,1203.40,298.72,704.178000
2009,"Neilla Castrillo",63,7,2,5,4715.83,1580.47,137.90,673.690000
2038,"Fae Done",63,4,2,2,1023.10,677.48,75.26,255.775000
2046,"Charis Maas",63,9,6,3,4158.76,829.51,161.60,462.084444
2048,"Sorcha Genthner",63,7,3,4,3303.36,826.51,74.51,471.908571
2051,"Teresita Drinnan",64,6,5,1,1236.27,400.91,74.51,206.045000
2057,"Elianora Sally",63,6,6,0,1882.28,400.91,161.60,313.713333
2072,"Margie Tillyer",63,13,8,5,7708.60,1759.85,131.92,592.969231
2080,"Rosamond Sainer",63,6,3,3,3213.72,820.78,125.07,535.620000
2099,"Mikel McKechnie",63,7,2,5,4390.28,1610.90,45.26,627.182857
2150,"Huntlee Pashba",63,6,1,5,3931.38,1259.36,141.40,655.230000
2231,"Rasla Landreth",63,3,3,0,1870.27,1531.42,108.76,623.423333
2251,"Leslie Shotboult",63,7,3,4,3460.26,1167.18,84.99,494.322857
2306,"Hilary Tregunna",63,4,2,2,2424.86,993.66,388.92,606.215000
2404,"Conney Grouse",63,5,1,4,4628.95,1759.85,270.30,925.790000
2440,"Lethia Juanes",63,4,3,1,3869.64,1531.42,521.94,967.410000
2454,"Gene Brome",63,10,3,7,5205.01,1580.47,57.74,520.501000
2617,"Vanda Donnellan",63,7,4,3,3881.23,1759.85,13.44,554.461429
2956,"Thedric Bolding",63,7,4,3,3127.02,1234.29,7.21,446.717143
3075,"Corty Debell",63,6,3,3,2963.51,874.90,161.60,493.918333
3079,"Yorker McKevany",63,4,3,1,2127.19,874.90,56.93,531.797500
3084,"Birgit Dowers",63,6,2,4,4569.68,1082.36,582.48,761.613333
3119,"Earle Frisby",63,4,1,3,2038.17,874.90,56.93,509.542500
3191,"Bobbette Amps",63,8,2,6,3728.79,1479.11,7.21,466.098750
3221,"Brigid Quigley",63,9,7,2,6352.71,1610.90,136.73,705.856667
3262,"Maynord L'Episcopi",63,10,4,6,5608.83,1516.13,7.21,560.883000
3374,"Joann Corrigan",63,4,1,3,1211.87,431.45,260.14,302.967500
3418,"Felipa Paddingdon",63,5,2,3,2610.86,1610.90,56.93,522.172000
3480,"Jarib ",63,4,1,3,2889.50,1043.77,363.25,722.375000
67,"Vernon ",63,5,4,1,4100.86,1531.42,53.62,820.172000
477,"Cheri Hazeman",62,5,5,0,2524.37,954.82,57.74,504.874000
478,"Darcey Harberer",62,9,6,3,5560.72,1531.42,56.93,617.857778
499,"Dalli Baggally",62,11,7,4,4916.85,1167.18,53.62,446.986364
532,"Row Mawditt",62,6,4,1,3582.44,950.52,205.36,597.073333
617,"Idell Cole",62,4,0,4,1030.43,431.45,84.99,257.607500
629,"Basil Brellin",62,8,2,6,4245.10,954.82,312.74,530.637500
712,"Norine Antonik",62,8,4,4,4642.20,1610.90,53.62,580.275000
939,"Cristian Theodoris",62,4,1,3,3302.75,1516.13,290.41,825.687500
1014,"Miller Faloon",62,7,2,5,2335.96,762.63,56.93,333.708571
1247,"Hildagarde Eyrl",62,4,1,3,2986.91,1259.36,44.71,746.727500
1287,"Nicko Saddleton",62,7,3,4,4118.23,1234.29,57.74,588.318571
1292,"Alice Backson",62,5,2,3,2796.66,954.82,13.44,559.332000
1345,"Jeth Marien",62,6,2,4,2950.77,820.78,13.44,491.795000
1585,"Stillman Sackur",62,8,1,7,4541.32,1610.90,173.18,567.665000
1643,"Manda Forsey",62,8,3,5,5327.02,1234.29,45.26,665.877500
1764,"Zaria Van der Krui",62,4,2,2,2196.08,954.82,53.62,549.020000
1785,"Marty Whatford",62,6,3,3,2466.54,863.95,131.92,411.090000
1809,"Reba Southon",62,6,3,3,6232.42,1580.47,582.48,1038.736667
1826,"Jareb Langcaster",62,7,3,4,3577.28,954.82,45.26,511.040000
1864,"Anet Pellitt",62,11,2,8,5782.42,1259.36,131.92,525.674545
1919,"Bartie Hartburn",62,4,2,2,2093.98,770.89,56.93,523.495000
2030,"Xymenes Sprull",62,4,3,1,1547.28,778.69,44.71,386.820000
2158,"Caesar Begbie",62,5,4,1,4331.69,1234.29,528.43,866.338000
2179,"Benson cornhill",62,7,3,4,3257.94,863.95,248.82,465.420000
2280,"Wrennie Alexandersson",62,5,3,2,4670.79,1610.90,376.84,934.158000
2391,"Corny Millott",62,10,5,5,5012.20,863.95,56.93,501.220000
2530,"Engracia Foulcher",62,7,3,3,2813.35,950.52,53.62,401.907143
2701,"Ileana Timms",62,9,7,2,6695.42,1610.90,151.96,743.935556
2730,"Taddeo Karlicek",62,7,1,6,3045.28,770.89,45.26,435.040000
2732,"Clarine Yushkin",62,10,3,6,3869.67,795.10,56.93,386.967000
2757,"Leodora Carillo",62,3,1,2,470.54,234.43,74.51,156.846667
3286,"Kent Hatter",62,11,6,5,5232.81,1234.29,13.44,475.710000
3316,"Stoddard Giacomoni",62,2,1,1,684.06,582.48,101.58,342.030000
8,"Rod Inder",61,10,5,4,4957.82,954.82,57.74,495.782000
17,"Heath Faraday",61,5,2,3,2660.58,954.82,297.43,532.116000
30,"Darrick Helleckas",61,3,2,1,1102.57,400.91,312.74,367.523333
254,"Barbie Rubi",61,7,4,3,3020.12,950.52,13.44,431.445714
292,"Gelya Gerant",61,7,2,5,5194.37,1759.85,84.99,742.052857
400,"Sibeal Fellow",61,5,4,1,1577.09,993.66,7.21,315.418000
463,"Allis Blanche",61,7,3,4,3849.77,1259.36,56.93,549.967143
612,"Grange Skillington",61,5,3,1,3465.56,933.84,528.43,693.112000
683,"Brennan Gagen",61,5,2,3,4138.04,1479.11,215.14,827.608000
769,"Cameron Letherbury",61,8,5,3,4624.55,1580.47,101.58,578.068750
813,"Lisette Nesbit",61,5,3,2,2752.44,1203.40,45.26,550.488000
903,"Hewe Lidgley",61,9,6,3,6700.73,1610.90,7.21,744.525556
946,"Bettina Farrer",61,8,4,4,4561.15,1479.11,44.71,570.143750
1030,"Nariko Dummigan",61,8,5,3,6253.20,1203.40,173.18,781.650000
1060,"Vanda Boadby",61,6,3,3,7131.49,1759.85,778.69,1188.581667
1108,"Ginnie Farriar",61,4,1,3,451.39,312.74,7.21,112.847500
1342,"Barnett Morville",61,5,2,2,1727.81,709.48,99.59,345.562000
1363,"Boniface Kivelhan",61,7,5,2,4273.21,1516.13,57.74,610.458571
1389,"Reina Drever",61,9,5,3,4304.00,1234.29,151.96,478.222222
1540,"Ilene Agett",61,6,3,2,4324.01,1479.11,154.40,720.668333
1566,"Stavros Goodinson",61,4,2,2,1289.18,598.76,75.26,322.295000
1627,"Vladimir Morphet",61,8,7,1,5217.50,1167.18,205.36,652.187500
1746,"Kev ",61,6,4,2,4741.80,993.66,380.74,790.300000
1786,"Lonee Gorce",61,2,0,2,606.48,400.13,206.35,303.240000
1969,"Dimitry Kunkler",61,6,5,1,3519.11,1610.90,125.07,586.518333
2049,"Jud Purchon",61,6,3,3,3240.79,1259.36,44.71,540.131667
2216,"Clarinda Woffinden",61,3,2,1,1707.71,677.48,380.74,569.236667
2384,"Garey Letrange",61,6,5,1,2048.47,748.90,108.76,341.411667
2435,"Orly Ceney",61,5,2,3,4293.82,1516.13,513.85,858.764000
2523,"Lauree Shewery",61,10,7,2,3978.49,1203.40,53.62,397.849000
2603,"Mercy Jost",61,7,6,1,3159.95,762.63,154.40,451.421429
2687,"Fabe Smallbone",61,7,6,1,3616.99,954.82,45.26,516.712857
2761,"Agathe Weafer",61,9,3,6,4997.40,1082.36,74.51,555.266667
2810,"Malvin Burchill",61,6,4,2,2484.42,1082.36,131.92,414.070000
2826,"Loise Mulvany",61,12,3,9,4489.41,1043.77,13.44,374.117500
2884,"Karola Conneely",61,8,3,5,2940.06,874.90,57.74,367.507500
2886,"Lulu Watkiss",61,8,4,4,4482.16,1203.40,13.44,560.270000
2888,"Hamel Crosser",61,6,5,1,2911.34,1082.36,260.14,485.223333
2897,"Kimbra Gerraty",61,5,1,4,1588.43,649.49,57.74,317.686000
3047,"Eddy Cossans",61,5,2,3,2803.25,874.90,44.71,560.650000
3135,"Titus Worsall",61,7,2,5,3555.84,1105.75,53.62,507.977143
3172,"Marje Kennewell",61,4,2,2,2416.33,1234.29,75.26,604.082500
3277,"Demetris Shapcote",61,5,4,1,3332.18,954.82,290.41,666.436000
3310,"Bethany Jarrell",61,5,2,3,1941.82,596.55,161.60,388.364000
3318,"Courtnay Allmen",61,4,2,2,1729.40,820.78,13.44,432.350000
3378,"Ina Habershaw",61,4,1,3,1252.75,528.43,75.26,313.187500
3407,"Marven Ditts",61,8,4,3,4727.94,1234.29,108.76,590.992500
3442,"Adrianne Petrecz",61,4,2,2,3093.76,1759.85,137.90,773.440000
22,"Deeanne Durtnell",60,8,4,4,4386.51,1580.47,84.99,548.313750
31,"Star Praton",60,4,3,1,2683.89,1531.42,53.62,670.972500
273,"Nevile Abraham",60,10,8,2,4853.00,1259.36,75.26,485.300000
314,"Catie Advani",60,8,4,4,3064.58,1259.36,75.26,383.072500
482,"Gar Wallis",60,10,6,4,5982.93,1759.85,57.74,598.293000
524,"Florence Held",60,7,6,1,4376.33,1531.42,13.44,625.190000
759,"Mitchel Schimek",60,9,5,3,5260.66,1259.36,141.40,584.517778
1106,"Sibyl Bigmore",60,9,5,4,5386.86,1580.47,154.40,598.540000
1123,"Dominick Downey",60,5,1,4,2506.70,1234.29,74.51,501.340000
1279,"Burr Lygoe",60,6,4,2,3684.34,1234.29,45.26,614.056667
1555,"Marcello Spenclay",60,7,3,4,4778.42,1580.47,7.21,682.631429
1639,"Marna Showers",60,6,1,5,3052.71,933.84,131.92,508.785000
1649,"Brenden Dinley",60,3,2,1,1285.92,594.68,108.76,428.640000
1672,"Sharla Creebo",60,12,5,6,7304.41,1759.85,99.59,608.700833
1704,"Tremain Breadon",60,2,1,1,1331.18,1082.36,248.82,665.590000
1804,"Matelda Kordas",60,3,2,1,2583.87,993.66,596.55,861.290000
1822,"Trudie Capper",60,5,3,2,2160.67,933.84,136.73,432.134000
1934,"Bryant Tordiffe",60,6,3,3,3991.15,1234.29,298.72,665.191667
1983,"Kimberlee Soonhouse",60,4,1,3,2733.61,954.82,205.36,683.402500
1999,"Raquel Bamlett",60,7,3,4,6008.64,1259.36,464.72,858.377143
2003,"Lilli Hargey",60,2,1,1,1606.68,1531.42,75.26,803.340000
2018,"Richie Matts",60,7,4,3,5261.58,1580.47,215.14,751.654286
2170,"Dewitt Laight",60,6,4,2,2867.21,863.95,141.40,477.868333
2174,"Rock Vickerstaff",60,6,0,5,4081.95,1580.47,99.59,680.325000
2186,"Carolina Sexty",60,3,3,0,2288.82,1043.77,381.10,762.940000
2308,"Nancey Hastie",60,9,5,4,6360.40,1610.90,84.99,706.711111
2327,"Alie Sowle",60,3,2,1,1551.32,993.66,108.76,517.106667
2331,"Marybelle Antal",60,7,4,3,1633.80,525.33,13.44,233.400000
2357,"Lisette Mingardi",60,4,1,3,3069.31,1610.90,298.72,767.327500
2715,"Umberto Cappineer",60,5,3,2,3422.81,1610.90,13.44,684.562000
2740,"Godiva Bulward",60,8,3,5,5592.42,1234.29,131.92,699.052500
2841,"Bibby Carnson",60,7,6,1,4136.07,1167.18,234.43,590.867143
2881,"Ezra Steffan",60,6,2,4,2859.84,1167.18,173.18,476.640000
3003,"Brita Tupie",60,9,5,4,2717.40,820.78,44.71,301.933333
3062,"Lesley Ruskin",60,6,3,3,3226.19,1203.40,57.74,537.698333
3290,"Brandyn Gain",60,8,4,4,3199.21,829.65,7.21,399.901250
3360,"Joelie Sherlaw",60,8,6,2,1982.68,507.58,56.93,247.835000
3415,"Alberik Kelsey",60,6,2,3,3415.66,993.66,154.40,569.276667
3421,"Ronalda McGeechan",60,9,5,4,7012.90,1531.42,45.26,779.211111
3461,"Nigel Izard",60,7,2,5,4168.01,1610.90,57.74,595.430000
35,"Margaretha Strettle",59,4,1,3,475.77,206.35,13.44,118.942500
132,"Celesta Willavoys",59,6,4,2,4585.21,1479.11,173.18,764.201667
202,"Audie Pillinger",59,3,0,3,1215.91,614.80,141.40,405.303333
210,"Albrecht Thomasson",59,6,2,4,5848.17,1479.11,614.80,974.695000
433,"Reinhard Jubert",59,9,4,5,6482.67,1082.36,459.71,720.296667
723,"Madelina Marte",59,8,5,3,3522.63,1043.77,74.51,440.328750
870,"Hugh Wilce",59,7,4,3,2382.45,589.27,136.73,340.350000
880,"Neely Lundon",59,3,3,0,3022.79,1516.13,400.91,1007.596667
888,"Chickie Gulleford",59,5,3,2,3471.92,1203.40,45.26,694.384000
899,"Teodora Lawling",59,6,2,4,2965.58,649.49,131.92,494.263333
917,"Odo MacKaig",59,8,2,6,2059.99,829.51,13.44,257.498750
958,"Kristofor Saulter",59,6,3,3,3286.42,1580.47,13.44,547.736667
1722,"Fritz Geare",59,9,4,4,4610.12,1082.36,13.44,512.235556
1882,"Justin Ragless",59,6,3,3,1807.17,707.40,141.40,301.195000
1908,"Jaquelyn Workman",59,6,2,4,3853.35,1516.13,205.36,642.225000
1950,"Berne Fulkes",59,9,3,6,8291.31,1610.90,99.59,921.256667
2143,"Napoleon Terron",59,5,1,3,3805.14,1167.18,173.18,761.028000
2155,"Fayth Millions",59,12,7,4,5174.22,933.84,7.21,431.185000
2159,"Godfrey Bottini",59,5,1,4,3313.34,1234.29,7.21,662.668000
2185,"Gayle Gridley",59,7,6,1,4434.61,1759.85,13.44,633.515714
2267,"Andrei Mulchrone",59,5,4,1,3666.74,1105.75,525.33,733.348000
2277,"Gillie Ruben",59,4,2,2,2007.81,1105.75,137.90,501.952500
2288,"Cirillo Hook",59,6,4,2,2534.23,993.66,7.21,422.371667
2325,"Emmett Whatsize",59,6,3,2,4070.74,1516.13,75.26,678.456667
2390,"Tonya Nealand",59,7,3,3,4388.83,1203.40,154.40,626.975714
2411,"Casey McDade",59,4,2,2,3052.00,1610.90,108.76,763.000000
2458,"Leilah Liddel",59,7,4,3,3467.44,1531.42,101.58,495.348571
2561,"Elga McWard",59,4,2,2,2863.84,1759.85,44.71,715.960000
2583,"Appolonia Oxe",59,4,2,2,1394.55,513.85,57.74,348.637500
2684,"Erastus Payley",59,9,6,3,5600.64,1531.42,137.90,622.293333
2754,"Waring Selwyn",59,3,1,2,2295.63,950.52,582.48,765.210000
2792,"Jocelyne Darben",59,3,3,0,2882.56,1610.90,582.48,960.853333
2836,"Matilda Yellowley",59,10,4,5,7618.71,1259.36,154.40,761.871000
2905,"Emily Shackel",59,4,2,2,2653.90,1259.36,75.26,663.475000
2941,"Emylee Pavlov",59,5,3,2,2042.30,762.63,45.26,408.460000
3169,"Maxim Chavrin",59,7,3,4,2266.98,762.63,53.62,323.854286
3209,"Clarie Markushkin",59,4,2,2,1380.40,707.40,45.26,345.100000
3295,"Cleavland Karchowski",59,8,3,5,5033.20,1105.75,56.93,629.150000
3430,"Augustus Pickin",59,7,3,4,4156.22,1531.42,7.21,593.745714
3437,"Penny Wellington",59,5,2,3,4590.15,1610.90,125.07,918.030000
3493,"Jeffie Eakly",59,6,5,1,6324.94,1610.90,675.03,1054.156667
131,"Jana Renyard",58,6,4,2,3250.37,820.78,270.30,541.728333
139,"Gar ",58,9,7,2,5477.45,933.84,298.72,608.605556
151,"Donnie Brimson",58,7,5,2,5757.44,1580.47,161.60,822.491429
160,"Wake Durning",58,2,1,1,410.42,248.82,161.60,205.210000
193,"Foss Hardes",58,5,5,0,4816.86,1580.47,141.40,963.372000
219,"Markus Mughal",58,6,2,4,4467.94,1580.47,297.43,744.656667
295,"Lena Chape",58,7,5,2,1416.56,649.49,7.21,202.365714
347,"Berkly Grishinov",58,7,3,4,4033.89,950.52,248.82,576.270000
520,"Jazmin Neumann",58,5,0,5,1746.78,689.18,53.62,349.356000
621,"Constantin Giacobbo",58,9,3,6,5745.66,1082.36,53.62,638.406667
714,"Burtie Scintsbury",58,10,6,3,6533.40,1759.85,75.26,653.340000
735,"Khalil Pennings",58,4,1,3,3788.70,1759.85,248.82,947.175000
739,"Arnie Zorn",58,10,4,6,4588.43,818.01,7.21,458.843000
746,"Aldo Waistall",58,6,3,3,3074.80,795.10,125.07,512.466667
788,"Gregg Townsend",58,7,3,2,3861.06,1167.18,57.74,551.580000
840,"Chas Carabet",58,6,2,4,4824.87,1167.18,376.84,804.145000
857,"Theo ",58,5,3,2,2971.01,993.66,205.36,594.202000
865,"Germain De la Harpe",58,7,5,2,2931.90,1203.40,137.90,418.842857
1067,"Berri Cotillard",58,2,2,0,1112.96,1105.75,7.21,556.480000
1130,"Juli Prine",58,5,1,4,2516.30,1234.29,131.92,503.260000
1151,"Brena Amburgy",58,5,2,3,2370.27,1203.40,108.76,474.054000
1160,"Trisha Nisuis",58,3,0,3,2507.49,1580.47,131.92,835.830000
1168,"Iosep Shaddick",58,7,3,4,4134.30,1043.77,161.60,590.614286
1170,"Lari Rotte",58,5,3,2,2993.40,1167.18,137.90,598.680000
1223,"Kristyn ",58,8,2,5,2756.45,689.18,53.62,344.556250
1234,"Rancell Yven",58,8,6,1,5796.02,1479.11,125.07,724.502500
1240,"Pen Earey",58,4,2,2,1619.77,614.80,215.14,404.942500
1252,"Les Ellwood",58,7,2,5,5116.78,1259.36,333.18,730.968571
1276,"Farrel Waiting",59,2,0,2,1615.39,1234.29,381.10,807.695000
1361,"Gradeigh Saltmarshe",58,7,3,3,6247.15,1580.47,234.43,892.450000
1456,"Berkie Croall",58,4,1,3,838.90,525.33,75.26,209.725000
1788,"Anna-diana Kurten",58,9,3,6,5604.76,1580.47,234.43,622.751111
1832,"Elicia Normanvill",58,8,4,4,3521.27,954.82,75.26,440.158750
1838,"Jobina Dudenie",58,5,1,4,2429.66,1043.77,154.40,485.932000
1902,"Camille Vallintine",58,5,3,2,3092.36,1759.85,13.44,618.472000
1936,"Gisella Scad",58,8,3,5,6119.46,1516.13,205.36,764.932500
1964,"Cara Campbell-Dunlop",58,6,0,6,3799.87,1259.36,74.51,633.311667
2027,"Whitney Dahle",58,7,6,1,3116.56,954.82,7.21,445.222857
2090,"Stanton Schimoni",58,2,1,1,731.41,594.68,136.73,365.705000
2109,"Grazia Vinson",58,8,4,4,2373.99,829.51,44.71,296.748750
2273,"Rhetta Lambrook",58,10,6,4,7072.01,1531.42,290.41,707.201000
2502,"Concordia Mussington",58,5,3,2,2181.63,667.40,84.99,436.326000
2536,"Aigneis Brignall",59,6,5,1,4522.69,1610.90,13.44,753.781667
2590,"Roslyn Tewkesbury.",58,6,3,3,3237.42,1105.75,101.58,539.570000
2605,"Had Gilling",58,5,3,2,2309.64,795.10,211.37,461.928000
2609,"Genvieve Kobes",58,7,4,3,3820.22,1759.85,53.62,545.745714
2624,"Winfield Lampitt",58,5,2,2,3470.08,1082.36,270.30,694.016000
2665,"Seth Murdie",58,3,1,2,1981.06,829.51,388.92,660.353333
2683,"Myrta Rentilll",58,6,4,2,3069.21,863.95,161.60,511.535000
2706,"Kelly Bilyard",58,3,2,1,1425.75,829.51,215.14,475.250000
2798,"Barclay Gricks",58,5,3,2,2633.62,1234.29,84.99,526.724000
2801,"Danella Lines",58,5,2,3,1745.19,667.40,45.26,349.038000
2804,"Jeno Brimming",58,7,3,4,2520.83,820.78,13.44,360.118571
2863,"Alisander Fetherstone",58,1,0,1,376.84,376.84,376.84,376.840000
2892,"Paulie Wolffers",58,5,3,2,2682.76,950.52,141.40,536.552000
2919,"Rustin ",58,6,3,3,2220.72,778.69,53.62,370.120000
2991,"Fred Catanheira",58,6,1,5,2957.46,1105.75,53.62,492.910000
3046,"Shela Ridgers",59,5,1,3,2856.97,1580.47,131.92,571.394000
3090,"Zared Pinchback",58,5,3,2,2873.93,863.95,248.82,574.786000
3228,"Margette Donaghie",58,7,4,3,4000.96,1759.85,13.44,571.565714
3235,"Leif Woolfall",58,1,0,1,589.27,589.27,589.27,589.270000
3334,"Koralle Winckles",58,8,5,3,3314.03,829.51,7.21,414.253750
3338,"Nata Ozanne",58,4,0,3,464.70,141.40,84.99,116.175000
3479,"Pierette O' Ronan",58,6,4,2,3749.21,1531.42,13.44,624.868333
63,"Ebony Zini",57,3,1,2,1966.61,1082.36,57.74,655.536667
82,"Gleda Cokely",57,5,4,1,2369.54,1167.18,45.26,473.908000
201,"Salem Huie",57,8,5,3,4798.36,1531.42,84.99,599.795000
229,"Vaughn Lambis",57,5,4,1,2661.23,954.82,270.30,532.246000
257,"Marissa ",57,5,1,4,3965.52,1203.40,381.10,793.104000
333,"Debbi Doohey",57,7,5,1,3102.81,950.52,131.92,443.258571
541,"Annissa Balmforth",57,5,2,3,3488.75,954.82,298.72,697.750000
689,"Hamnet Berford",57,3,0,3,3072.92,1516.13,297.43,1024.306667
696,"Arch Gaitskill",57,6,4,2,1840.96,689.18,7.21,306.826667
725,"Gage Crossan",57,11,3,8,5727.32,933.84,57.74,520.665455
742,"Dexter Robelin",57,6,4,2,5672.85,1759.85,84.99,945.475000
882,"Esmaria Lythgoe",57,5,4,1,2056.43,818.01,56.93,411.286000
926,"Terrel Matthisson",57,6,3,3,4213.41,1479.11,151.96,702.235000
927,"Jarret ",57,3,2,1,1729.99,863.95,45.26,576.663333
929,"Kippy Conerding",57,5,2,3,2445.44,649.49,290.41,489.088000
995,"Urbano Mews",57,7,3,4,2614.37,1610.90,13.44,373.481429
1145,"Korella Begin",57,2,1,1,1210.14,778.69,431.45,605.070000
1275,"Francisca Whittek",57,6,4,2,4158.06,933.84,459.71,693.010000
1326,"Goddard Tinn",57,6,6,0,2803.11,1082.36,205.36,467.185000
1376,"Pail ",57,6,3,3,2325.62,820.78,53.62,387.603333
1440,"Consuela O'Logan",57,6,2,4,2052.55,764.96,57.74,342.091667
1520,"Dillie Wilstead",57,4,3,1,2827.87,829.51,431.45,706.967500
1531,"Evaleen Pusey",57,7,4,3,3828.36,954.82,131.92,546.908571
1618,"Andee Scardifeild",57,2,1,1,1389.78,795.10,594.68,694.890000
1668,"Aurlie Bolter",58,6,3,3,3976.46,933.84,248.82,662.743333
1754,"Zonnya Tolland",57,5,2,3,3385.06,1234.29,173.18,677.012000
1760,"Kelsy Barrowcliff",57,6,3,3,2743.46,954.82,131.92,457.243333
1808,"Charles Carren",57,7,3,4,2871.87,820.78,99.59,410.267143
1887,"Kynthia Purcer",57,11,4,6,7438.34,1580.47,108.76,676.212727
1924,"Eolande Kauscher",57,3,1,2,2371.71,950.52,594.68,790.570000
2136,"Heather Golsworthy",57,4,1,3,2352.45,829.51,333.18,588.112500
2268,"Wilhelmina Gothup",57,8,4,4,4785.11,1234.29,13.44,598.138750
2320,"Kaylyn Throssell",57,3,1,2,964.50,733.58,57.74,321.500000
2534,"Estelle Lithgow",57,7,3,4,6168.69,1516.13,215.03,881.241429
2542,"Amanda Leverington",57,7,3,4,4181.90,1105.75,44.71,597.414286
2589,"Alvera Kiddle",57,5,2,3,1607.38,795.10,13.44,321.476000
2664,"Raynor Olech",57,7,2,5,3283.72,709.48,154.40,469.102857
2725,"Sibylla Langmuir",57,4,1,3,1741.03,1082.36,75.26,435.257500
2795,"Shirline Amar",57,3,1,1,1836.41,863.95,297.43,612.136667
3020,"Witty McArthur",57,12,9,2,8641.63,1580.47,7.21,720.135833
3054,"Marieann Wickey",57,5,4,1,3691.51,1610.90,108.76,738.302000
3105,"Bryn Rycraft",57,6,2,4,1904.52,993.66,84.99,317.420000
3128,"Betteanne Alldread",57,5,2,3,2066.08,826.51,53.62,413.216000
3319,"Erda ",57,7,5,2,4578.28,1580.47,56.93,654.040000
3414,"Winnifred Zima",57,3,2,1,2939.42,1580.47,99.59,979.806667
6,"Curr Duckhouse",56,5,2,3,1985.14,778.69,108.76,397.028000
54,"Loralyn Wonfor",56,7,5,2,5715.45,1759.85,44.71,816.492857
83,"Kerr Simmell",56,6,3,3,2666.45,748.90,136.73,444.408333
89,"Benedicto Hoxey",56,9,4,5,6961.79,1516.13,57.74,773.532222
106,"Glyn ",56,3,2,1,392.47,230.09,53.62,130.823333
178,"Matthieu Bertelmot",56,4,2,2,1319.51,762.63,125.07,329.877500
376,"Marena Brunotti",56,3,0,3,1613.72,1259.36,56.93,537.906667
385,"Kendall Humes",56,9,2,7,5537.71,1203.40,57.74,615.301111
396,"Peria Iscowitz",56,6,2,4,1913.56,954.82,84.99,318.926667
444,"Britteny Falconer-Taylor",56,7,3,4,3339.65,993.66,13.44,477.092857
505,"Wylma Elsy",56,5,2,3,3086.94,1167.18,57.74,617.388000
542,"Berri McManamen",56,6,3,3,4300.93,1516.13,53.62,716.821667
631,"Ortensia Dronsfield",56,6,4,2,1444.59,431.45,136.73,240.765000
638,"Joey Ledram",56,8,4,4,6691.80,1759.85,161.60,836.475000
668,"Ebony Threadgall",56,7,5,2,3023.79,826.51,44.71,431.970000
732,"Bonita Gethins",56,5,2,3,2830.03,1531.42,44.71,566.006000
758,"Teena Birrel",56,2,1,1,485.44,270.30,215.14,242.720000
841,"Hanan McGreay",56,7,3,4,2606.11,954.82,13.44,372.301429
885,"Yancey Wivell",56,3,3,0,2765.26,1516.13,205.36,921.753333
1056,"Kendricks Markel",56,7,4,3,3965.85,748.90,298.72,566.550000
1215,"Dyann Turbard",56,8,4,4,4492.62,1516.13,99.59,561.577500
1318,"Barbe Assender",56,7,2,5,4333.52,1580.47,101.58,619.074286
1398,"Anderea Pulteneye",56,7,6,1,2423.94,582.48,99.59,346.277143
1416,"Fraze Face",56,4,0,4,2177.85,829.51,298.72,544.462500
1419,"Roddy Ollerton",56,5,4,1,2412.45,1259.36,53.62,482.490000
1525,"Philis Whittam",56,3,0,3,1074.48,874.90,74.51,358.160000
1692,"Harriette De Matteis",56,5,2,2,2399.24,1580.47,84.99,479.848000
1735,"Sly Offord",56,5,4,0,2461.15,778.69,56.93,492.230000
1765,"Sibella O' Mara",56,6,1,5,3643.67,1234.29,45.26,607.278333
1782,"Ewen Emes",56,6,4,2,4868.74,1479.11,400.91,811.456667
1825,"Arv Whitsey",56,6,3,3,1999.15,826.51,44.71,333.191667
1833,"Klemens Eite",56,5,3,2,1755.96,649.49,136.73,351.192000
1877,"Radcliffe Bartolomeoni",56,6,4,2,2684.49,795.10,45.26,447.415000
1879,"Kermy Heningam",56,7,4,3,3418.50,1082.36,53.62,488.357143
2146,"Timmie Lenden",56,2,2,0,908.49,507.58,400.91,454.245000
2182,"Symon Minchin",56,8,4,4,5955.34,1759.85,230.09,744.417500
2192,"Hubie Leipold",56,5,2,2,1214.00,464.72,53.62,242.800000
2260,"Jarad Barthropp",56,6,0,6,2856.30,1082.36,101.58,476.050000
2270,"Augustus Edleston",56,5,2,3,2433.61,1105.75,57.74,486.722000
2301,"Ken Vashchenko",56,7,1,5,4618.77,950.52,57.74,659.824286
2313,"Christa Pauley",56,6,3,3,1815.33,795.10,53.62,302.555000
2324,"Jerrold Robben",56,4,2,2,3545.36,1610.90,154.40,886.340000
2371,"Rory Lokier",56,5,2,3,5077.15,1516.13,762.63,1015.430000
2478,"Andreas Lamke",56,7,3,3,2705.06,950.52,7.21,386.437143
2539,"Tracie Ashdown",56,5,3,2,2631.05,1167.18,136.73,526.210000
2655,"York Strongman",57,6,2,4,4047.41,1479.11,75.26,674.568333
2775,"Dael Glentz",56,6,4,2,4279.74,954.82,507.58,713.290000
2848,"Callie Garthshore",56,4,0,4,2233.26,933.84,161.60,558.315000
3040,"Kameko Kinrade",56,2,1,0,402.36,388.92,13.44,201.180000
3073,"Hernando Farnham",56,3,1,2,2162.62,1082.36,205.36,720.873333
3159,"Jesus MacShirie",56,2,1,1,304.85,260.14,44.71,152.425000
3171,"Leif ",56,3,1,2,1038.84,582.48,75.26,346.280000
3208,"Jeanne O'Meara",56,8,3,5,5517.29,1259.36,297.43,689.661250
3265,"Isaak Higounet",56,7,4,3,2717.70,933.84,125.07,388.242857
18,"Marjie Neasham",55,7,4,3,5335.24,1479.11,151.96,762.177143
58,"Dalenna Pinnock",55,8,4,4,3465.94,1203.40,136.73,433.242500
142,"Bentley Fortesquieu",55,11,6,5,8557.40,1759.85,137.90,777.945455
224,"Morgun Girvan",55,6,5,1,2517.37,762.63,101.58,419.561667
598,"Zebulen Swadon",55,7,3,4,2440.63,748.90,56.93,348.661429
653,"Maxy Hurles",55,5,4,1,1878.74,709.48,56.93,375.748000
662,"Bonnibelle Imos",55,7,2,5,2762.87,950.52,131.92,394.695714
676,"Curtis ",55,6,4,2,3844.97,1105.75,312.74,640.828333
790,"Yvonne ",55,8,4,4,4417.50,954.82,206.35,552.187500
835,"Zachary Matyukon",55,8,4,4,5315.31,1531.42,7.21,664.413750
1003,"Mariann O'Geaney",55,9,7,2,3810.81,954.82,44.71,423.423333
1005,"Kalila Birtwistle",55,5,3,2,3498.51,1580.47,108.76,699.702000
1059,"Chantal Plante",55,2,2,0,830.98,596.55,234.43,415.490000
1075,"Cullin Elcoate",55,6,4,2,4355.70,1516.13,53.62,725.950000
1097,"Gwenora Grabbam",55,3,2,1,1711.72,933.84,270.30,570.573333
1133,"Forrester McFetridge",55,7,3,2,3754.92,1043.77,205.36,536.417143
1149,"Ki Odo",55,4,2,2,3400.05,1580.47,270.30,850.012500
1169,"Kessiah Corden",55,7,3,4,3287.37,818.01,56.93,469.624286
1249,"Tabb McKeowon",55,5,0,5,2178.24,993.66,13.44,435.648000
1290,"Vassily Ramalho",55,9,3,6,4274.93,1759.85,57.74,474.992222
1386,"Mufinella Kalvin",56,3,2,1,535.49,248.82,125.07,178.496667
1399,"Kaye Clulow",55,4,1,3,3799.58,1580.47,400.91,949.895000
1435,"Derek Podmore",55,7,2,5,3459.88,954.82,45.26,494.268571
1449,"Ashly Abramamovh",55,6,3,3,3760.80,1759.85,173.18,626.800000
1503,"Del Scullin",55,8,2,6,4860.10,1610.90,388.92,607.512500
1516,"Ham Pietrusiak",55,5,4,1,1436.64,667.40,44.71,287.328000
1861,"Charlena Muzzi",55,6,2,4,3279.26,954.82,154.40,546.543333
1893,"Gunar Sleit",55,7,3,4,4266.77,1580.47,205.36,609.538571
1954,"Greg Iacovo",55,9,4,4,4922.60,1516.13,44.71,546.955556
2204,"Kacie Barthram",55,8,5,3,4588.50,1531.42,53.62,573.562500
2439,"Shelly Yakebovitch",55,6,2,4,3226.34,1580.47,99.59,537.723333
2503,"Devlin Laneham",55,4,3,1,2341.49,778.69,215.14,585.372500
2693,"Abram Phillipson",55,6,4,2,2356.33,675.03,53.62,392.721667
2748,"Dolorita Dufaur",55,4,2,2,1892.87,667.40,376.84,473.217500
2786,"Hubie Bottoner",55,6,4,2,1654.01,709.48,75.26,275.668333
2831,"Starlin Aysh",55,5,2,3,928.84,582.48,44.71,185.768000
2843,"Lorain Danforth",55,6,2,4,1998.51,596.55,45.26,333.085000
2877,"Vaughan Frank",55,9,6,3,3344.31,829.65,57.74,371.590000
2880,"Ingra Kelby",55,8,4,4,8007.96,1759.85,108.76,1000.995000
2911,"Janenna Knowlman",55,2,1,1,1187.64,874.90,312.74,593.820000
3108,"Trip Ahmed",55,7,3,4,4278.76,1580.47,108.76,611.251429
3163,"Irvine Mc Mechan",55,6,3,3,3569.86,1167.18,173.18,594.976667
3170,"Bethanne Kytter",55,6,2,4,2540.24,820.78,74.51,423.373333
3182,"Catherina Hammel",55,4,0,4,822.57,380.74,53.62,205.642500
3217,"Lorena Titterrell",55,11,4,7,5169.48,933.84,151.96,469.952727
3246,"Norene Merle",55,5,3,2,4239.15,1516.13,161.60,847.830000
3361,"Riva Yushin",55,6,2,4,3796.25,954.82,234.43,632.708333
3368,"Tanya Boddis",55,5,4,1,2817.70,1082.36,270.30,563.540000
3470,"Catherina Ricca",55,8,3,5,6897.45,1516.13,388.92,862.181250
3500,"Josy Fleeman",55,6,2,4,3136.55,1167.18,45.26,522.758333
29,"Mona Sancraft",54,9,3,6,4680.27,933.84,74.51,520.030000
79,"Tybi Silliman",54,6,2,3,4163.97,1259.36,84.99,693.995000
96,"Heath Olford",54,3,1,2,1648.08,829.51,84.99,549.360000
304,"Paddy Mumbray",54,9,3,6,4499.66,1259.36,53.62,499.962222
318,"Libbie Castelin",54,7,2,5,5643.89,1479.11,161.60,806.270000
357,"Betta Shrimpton",54,8,5,3,4323.73,1167.18,161.60,540.466250
398,"Randee Douberday",54,7,1,5,3507.98,933.84,53.62,501.140000
458,"Osborn Pentony",54,5,4,1,2368.39,954.82,7.21,473.678000
581,"Brenna Dacks",54,4,2,2,3373.64,1516.13,448.90,843.410000
596,"Sue Chapelhow",54,3,1,2,1028.37,874.90,44.71,342.790000
622,"Arri Lamden",54,3,1,2,2870.31,1234.29,818.01,956.770000
694,"Lilith Lanning",54,5,4,1,1958.95,677.48,74.51,391.790000
715,"Royal Shinn",54,3,3,0,1868.42,1105.75,248.82,622.806667
730,"Robb Poll",54,7,2,5,3346.50,1234.29,57.74,478.071429
791,"Tootsie Hurt",54,6,5,1,2786.22,1531.42,13.44,464.370000
876,"Neil Jencey",54,3,0,3,1561.45,748.90,381.10,520.483333
897,"Pris Fance",54,7,4,2,4434.54,1203.40,13.44,633.505714
912,"Vince Dalmon",54,7,4,3,3042.31,820.78,56.93,434.615714
960,"Lannie Crumley",54,4,3,1,2454.98,1082.36,13.44,613.745000
963,"Valery Haresign",54,12,7,5,7288.99,1531.42,136.73,607.415833
1057,"Laryssa Durdle",54,4,1,2,2533.33,993.66,333.18,633.332500
1101,"Haily McWilliams",54,5,2,3,2110.20,1167.18,211.37,422.040000
1147,"Tate Studholme",54,6,1,5,4593.20,1759.85,53.62,765.533333
1184,"Auberta Teodori",54,6,4,2,2840.14,950.52,84.99,473.356667
1190,"Sib Gilby",54,6,3,3,2041.90,748.90,136.73,340.316667
1217,"Dulcinea Janssen",54,7,3,4,4730.92,1610.90,53.62,675.845714
1637,"Timothee Mervyn",54,8,3,4,3686.27,818.01,151.96,460.783750
1697,"Eddi Mansbridge",54,5,2,3,3842.67,1580.47,290.41,768.534000
1759,"Quillan Shortland",54,6,3,3,2666.40,1167.18,161.60,444.400000
1857,"Purcell Chinnery",54,5,3,1,4462.37,1531.42,388.92,892.474000
1914,"Clyve Sandwick",54,8,4,4,5585.52,1610.90,53.62,698.190000
1995,"Mabel Sallter",54,6,4,2,3151.07,933.84,137.90,525.178333
2064,"Reynard Jaffrey",54,5,2,3,2544.10,1479.11,57.74,508.820000
2076,"Beatriz Tweddle",54,8,1,7,6506.55,1759.85,388.92,813.318750
2096,"Torrie Smartman",54,5,2,3,3909.42,1531.42,380.74,781.884000
2152,"Junina Labone",54,9,2,7,5613.76,1203.40,53.62,623.751111
2428,"Pauly Keightley",54,9,6,2,3704.54,707.40,74.51,411.615556
2430,"Humbert Dikles",54,4,1,3,720.50,388.92,45.26,180.125000
2497,"Gustav Aaronsohn",54,4,3,1,1284.05,762.63,44.71,321.012500
2524,"Rustie Kingsland",54,6,2,4,2162.60,612.88,53.62,360.433333
2526,"Izaak Dopson",54,6,5,1,3571.97,1610.90,84.99,595.328333
2633,"Shayla Colnett",54,9,4,4,6695.74,1610.90,53.62,743.971111
2721,"Alf Farnie",54,2,2,0,637.54,388.72,248.82,318.770000
2756,"Cymbre Sloey",54,4,3,0,3585.96,1479.11,45.26,896.490000
2788,"Melantha Pickburn",54,11,6,5,8197.47,1759.85,137.90,745.224545
2842,"Olimpia Traynor",54,3,2,1,724.36,381.10,137.90,241.453333
2966,"Fredi Aldhous",54,5,2,3,2380.10,1610.90,44.71,476.020000
3005,"Rafaellle Tantrum",54,3,0,3,1080.24,400.91,290.41,360.080000
3013,"Lorain Eddisforth",54,9,3,6,4312.37,1259.36,53.62,479.152222
3039,"Coralie Guitonneau",54,9,5,4,3889.86,770.89,75.26,432.206667
3048,"Kenon Messruther",54,13,3,9,6376.13,1234.29,13.44,490.471538
3074,"Tracie Grishaev",54,7,4,3,4041.37,1759.85,84.99,577.338571
3390,"Fayth Baudins",54,5,0,4,2203.47,954.82,84.99,440.694000
60,"Nadiya Champerlen",53,2,0,2,879.68,589.27,290.41,439.840000
69,"Heidi Milner",53,6,3,3,3101.00,1234.29,136.73,516.833333
74,"Pansy Kiddie",53,3,1,2,2019.12,1259.36,234.43,673.040000
167,"Nathalie Tideswell",53,9,3,6,3895.27,1167.18,74.51,432.807778
234,"Mead Alpes",53,9,4,5,5307.06,1759.85,13.44,589.673333
289,"Modestia Lithgow",53,9,6,3,5396.01,1610.90,137.90,599.556667
391,"Duffie Woodier",53,4,3,1,1817.81,778.69,125.07,454.452500
562,"Lindy Fitzpayn",53,5,2,3,1561.93,764.96,7.21,312.386000
710,"Benton Oakly",53,7,2,4,3392.12,1759.85,7.21,484.588571
731,"Lorenza Cawthorne",53,5,1,3,1746.67,677.48,75.26,349.334000
849,"Sylvan Capper",53,6,2,4,1802.45,707.40,99.59,300.408333
864,"Regen Nares",53,6,3,3,4412.01,1531.42,260.14,735.335000
948,"Yardley Argo",53,3,3,0,2118.75,954.82,230.09,706.250000
1036,"Randene Ingle",53,5,1,4,3338.26,874.90,205.36,667.652000
1096,"Jakie Mungham",53,5,3,2,1778.52,826.51,84.99,355.704000
1115,"Merola Stutard",53,9,3,6,4638.80,1082.36,74.51,515.422222
1178,"Angelo Byne",53,8,4,4,5058.92,1082.36,270.30,632.365000
1192,"Hollyanne McCarter",53,5,2,3,2908.71,1580.47,125.07,581.742000
1237,"Junia Humerstone",53,11,5,5,7150.88,1759.85,45.26,650.080000
1305,"Averil Gentiry",53,5,2,3,2037.79,649.49,136.73,407.558000
1314,"De Eilhart",53,6,1,4,3327.52,950.52,141.40,554.586667
1406,"Georges Tilne",53,6,5,1,2208.65,954.82,75.26,368.108333
1490,"Lusa Hargerie",53,4,2,2,2410.44,1479.11,161.60,602.610000
1513,"Wendel Cator",53,6,3,3,3561.18,1043.77,297.43,593.530000
1537,"Andres Beranek",53,9,4,5,4487.63,1043.77,101.58,498.625556
1596,"Vinnie Sails",53,4,2,1,1991.74,863.95,154.40,497.935000
1644,"Gaby Harriot",53,7,4,3,3555.49,1516.13,44.71,507.927143
1700,"Rana Streets",53,7,4,2,3527.15,954.82,53.62,503.878571
1796,"Cayla Marcus",53,2,1,1,250.14,125.07,125.07,125.070000
1884,"Aurore Buckmaster",53,7,4,3,3322.01,993.66,136.73,474.572857
1922,"Ailene Tomkies",53,3,2,1,1771.66,863.95,400.13,590.553333
2007,"Gail Scarrisbrick",53,4,2,1,1707.64,677.48,260.14,426.910000
2040,"Gal Scardafield",53,2,1,1,1664.84,1082.36,582.48,832.420000
2088,"Ernie Wankel",53,7,5,2,5528.58,1759.85,173.18,789.797143
2098,"Ame Tossell",53,6,4,2,3178.95,1259.36,57.74,529.825000
2106,"Antons Ley",53,4,3,1,3532.87,1479.11,388.92,883.217500
2171,"Laryssa Maes",53,6,1,5,3248.71,954.82,45.26,541.451667
2237,"Julia Walden",53,7,3,4,4911.52,1759.85,53.62,701.645714
2240,"Niall Hallifax",53,12,8,4,7833.15,1580.47,45.26,652.762500
2310,"Jed Humpherston",53,6,3,3,4104.47,1479.11,108.76,684.078333
2418,"Elspeth Brazil",53,7,4,3,3611.19,1234.29,44.71,515.884286
2473,"Davon ",53,5,4,1,1655.95,649.49,131.92,331.190000
2559,"Fulvia Bernini",53,7,3,3,2268.13,733.58,7.21,324.018571
2565,"Joannes Harbron",53,9,2,7,4020.15,954.82,84.99,446.683333
2771,"Jamie Gildersleeve",53,5,3,2,3825.28,1610.90,260.14,765.056000
2809,"Jenilee Lonsbrough",53,3,1,2,1307.62,594.68,205.36,435.873333
2885,"Minnie Rolley",53,9,5,4,7216.23,1759.85,125.07,801.803333
2896,"Chryste Deaville",53,2,1,1,1328.67,863.95,464.72,664.335000
2916,"Lauren Adolfson",53,7,2,5,5965.79,1759.85,53.62,852.255714
2957,"Hurlee Helleckas",53,3,2,1,1093.74,829.65,57.74,364.580000
3010,"Tobye Cock",53,5,2,3,2498.29,764.96,45.26,499.658000
3158,"Korey Lansbury",53,6,2,4,5189.29,1531.42,363.25,864.881667
3199,"Florry Neasam",53,8,4,4,4374.27,1531.42,161.60,546.783750
3230,"Calida Clardge",53,5,3,2,1808.38,826.51,57.74,361.676000
3451,"Ruprecht Loreit",53,9,4,5,2650.08,863.95,7.21,294.453333
3454,"Akim Mathes",54,5,3,2,4221.27,1610.90,400.91,844.254000
3489,"Margo Fletcher",53,6,3,3,5655.71,1610.90,205.36,942.618333
171,"Halli Davidoff",52,8,8,0,4514.71,1580.47,84.99,564.338750
270,"Auberta Roundtree",52,7,3,4,2788.40,954.82,211.37,398.342857
417,"Fernandina Brambley",52,7,2,5,4881.61,1479.11,211.37,697.372857
489,"Tresa Reeks",52,5,1,4,3377.01,954.82,215.14,675.402000
502,"Rica Raveau",52,5,2,2,1892.73,829.51,101.58,378.546000
508,"Abagail Tordiffe",52,6,3,1,4114.84,950.52,400.13,685.806667
627,"Shanta Knill",52,5,1,4,2189.26,707.40,234.43,437.852000
645,"Randolf Durant",52,7,4,3,3815.87,1479.11,44.71,545.124286
682,"Ole Euplate",52,7,4,3,2851.41,954.82,7.21,407.344286
693,"Bambi Hebblethwaite",52,5,3,2,2904.00,1259.36,44.71,580.800000
872,"Suki Ivachyov",52,1,0,1,215.14,215.14,215.14,215.140000
894,"Catie Kibbey",52,8,3,5,3948.21,1203.40,13.44,493.526250
985,"Aryn O'Halloran",52,4,0,4,3863.28,1610.90,459.71,965.820000
1222,"Barbey Ville",52,3,2,1,2279.04,1531.42,298.72,759.680000
1261,"Candice Lohde",52,6,4,2,3294.12,1082.36,53.62,549.020000
1307,"Emlyn Musgrave",52,9,5,4,5361.81,1105.75,45.26,595.756667
1346,"Woody Dowthwaite",52,9,6,3,3794.17,1105.75,53.62,421.574444
1360,"Maurice Blas",52,3,3,0,1570.17,667.40,388.92,523.390000
1465,"Wilona Osgood",52,4,3,1,2280.33,1203.40,137.90,570.082500
1518,"Dallon Greatreax",52,5,2,2,3514.37,1610.90,45.26,702.874000
1615,"Evvie Crack",52,6,2,3,3503.19,933.84,108.76,583.865000
1634,"Jordana Beach",52,4,0,4,2146.87,1234.29,74.51,536.717500
2020,"Portia Proudlock",52,7,2,5,3851.10,954.82,297.43,550.157143
2023,"Marco Denziloe",52,10,4,6,5016.55,829.65,53.62,501.655000
2131,"Nettle Painter",52,6,3,2,6038.83,1580.47,312.74,1006.471667
2215,"Viola Wadhams",52,2,1,1,1638.45,1043.77,594.68,819.225000
2291,"Guido Meynell",52,1,1,0,594.68,594.68,594.68,594.680000
2579,"Celka Demsey",52,3,3,0,1500.34,733.58,151.96,500.113333
2616,"Andee Ormrod",53,11,4,7,6716.17,1610.90,125.07,610.560909
2666,"Lyle Eager",52,4,3,1,3110.08,1759.85,376.84,777.520000
2711,"Steven Keetley",52,6,3,3,3624.21,874.90,125.07,604.035000
2803,"Ailsun Hawlgarth",52,6,2,4,3779.23,954.82,131.92,629.871667
2846,"Bryana Lindell",52,4,0,3,3015.59,1516.13,56.93,753.897500
2940,"Wilek Adolf",52,7,2,5,2374.16,826.51,57.74,339.165714
3042,"Barris Trayton",52,6,2,4,5286.78,1759.85,173.18,881.130000
3127,"Tucker Lewsley",52,4,0,4,1938.28,829.51,260.14,484.570000
3138,"Wait Pardey",52,4,0,4,1916.15,950.52,45.26,479.037500
46,"Kaila Allin",51,5,2,3,3299.51,1516.13,75.26,659.902000
72,"Sammy Cheese",51,4,2,2,1489.07,582.48,101.58,372.267500
180,"Trisha Neasham",51,7,4,3,3905.22,863.95,7.21,557.888571
184,"Nappie Paolo",51,3,0,3,1553.53,764.96,260.14,517.843333
291,"Aime Burston",51,2,2,0,378.54,205.36,173.18,189.270000
319,"Madelle Matteris",51,5,2,3,3095.63,1105.75,13.44,619.126000
325,"Anthia Ghilardini",51,6,2,4,3078.84,1167.18,173.18,513.140000
405,"Vivien Urion",51,6,4,2,4130.54,954.82,459.71,688.423333
426,"Emlyn Anstice",51,9,5,3,3573.71,675.03,215.03,397.078889
443,"Lauree Leason",51,6,2,4,3610.25,1759.85,44.71,601.708333
507,"Gwen Jakubczyk",51,7,5,2,3276.89,1234.29,84.99,468.127143
605,"Bart Creenan",51,8,4,4,4154.49,1082.36,13.44,519.311250
636,"Alejandrina Canavan",51,7,4,3,3389.81,1105.75,136.73,484.258571
711,"Audrey Vickerman",51,4,3,1,1099.21,820.78,13.44,274.802500
930,"Evelina Dinan",51,3,2,0,1989.76,709.48,612.88,663.253333
952,"Marina Andresen",52,5,3,2,2669.19,954.82,99.59,533.838000
976,"Andonis Slimmon",51,6,2,4,2879.88,1043.77,99.59,479.980000
1171,"Ilise Solloway",51,9,4,5,5932.13,1167.18,44.71,659.125556
1219,"Kaine Parkeson",51,3,2,1,1054.55,589.27,57.74,351.516667
1422,"Georgy Rickwood",51,8,4,3,5510.53,1167.18,230.09,688.816250
1483,"Beth Daile",51,8,2,6,3705.63,748.90,53.62,463.203750
1567,"Florri Ramsdell",51,7,5,2,6572.11,1610.90,298.72,938.872857
1611,"Terencio ",51,12,7,5,8242.13,1203.40,234.43,686.844167
1619,"Matteo Hallum",51,10,5,5,4434.32,993.66,74.51,443.432000
1635,"Indira Robotham",51,4,2,2,5426.19,1759.85,826.51,1356.547500
1685,"Marya Milington",51,2,2,0,1141.80,764.96,376.84,570.900000
1698,"Christabella Eldredge",51,8,6,2,4073.36,1580.47,56.93,509.170000
1821,"Fields Bayne",51,12,5,7,7051.70,954.82,57.74,587.641667
1855,"Foss Yanele",51,4,2,2,1390.29,733.58,74.51,347.572500
2002,"Matilde Hamsher",51,3,1,2,999.58,762.63,84.99,333.193333
2033,"Mar Philippon",51,7,2,5,5693.80,1580.47,44.71,813.400000
2105,"Terrance Goligher",51,5,3,2,2040.86,954.82,74.51,408.172000
2160,"Kettie Cantopher",51,6,2,4,4180.11,1082.36,290.41,696.685000
2183,"Jillie Fyndon",51,14,4,10,12558.02,1580.47,173.18,897.001429
2184,"Lamar Gladman",51,11,5,6,6345.26,1479.11,99.59,576.841818
2188,"Zonnya Fayter",51,6,4,2,1936.22,778.69,44.71,322.703333
2244,"Sidney Cargon",51,5,3,2,4167.92,1610.90,234.43,833.584000
2362,"Herbie Machans",51,3,0,3,2047.91,1043.77,53.62,682.636667
2382,"Turner Huggens",51,7,4,3,2068.34,589.27,53.62,295.477143
2480,"Adey Shevlin",51,5,1,4,3399.10,863.95,521.94,679.820000
2501,"Ora Meaddowcroft",51,7,3,4,5871.25,1531.42,7.21,838.750000
2509,"Danya Beadles",51,8,3,5,4501.37,1759.85,53.62,562.671250
2548,"Kristien Robberts",51,13,4,9,7941.09,1759.85,136.73,610.853077
2627,"Hildegaard Gennrich",51,6,3,3,4946.55,1580.47,248.82,824.425000
2852,"Clarinda Noen",51,6,3,3,4419.67,1516.13,99.59,736.611667
2923,"Julie Kennagh",51,7,6,1,3263.93,933.84,161.60,466.275714
2945,"Arlan ",51,3,0,3,2287.73,1759.85,215.14,762.576667
2973,"Torr Mintram",51,4,3,1,1856.70,820.78,56.93,464.175000
3018,"Ainsley Nissle",51,5,3,2,2035.14,1082.36,57.74,407.028000
3081,"Dodi Volker",51,6,2,4,2808.36,1105.75,13.44,468.060000
3083,"Cirillo Duprey",51,6,4,2,2057.56,950.52,53.62,342.926667
3178,"Gan Marrion",51,5,2,3,2017.72,707.40,161.60,403.544000
3213,"Marcile Vasiliev",51,5,3,2,2240.56,863.95,53.62,448.112000
3239,"Wendi Hew",51,6,4,2,2606.08,1259.36,154.40,434.346667
3331,"Claire Trahar",51,5,3,2,4542.84,1610.90,582.48,908.568000
3362,"Piotr Saladin",51,3,2,1,1425.35,1167.18,84.99,475.116667
3389,"Margo Saltmarshe",51,6,3,3,1645.54,431.45,75.26,274.256667
3398,"Alberik Looks",51,5,2,3,2206.47,675.03,125.07,441.294000
9,"Mala Lind",50,6,1,5,3004.44,826.51,136.73,500.740000
136,"Mel Bennet",50,8,6,2,5863.65,1759.85,136.73,732.956250
296,"Marshal Rathbone",50,3,1,2,1501.07,950.52,260.14,500.356667
323,"Celka Goodrich",50,6,2,4,2971.38,954.82,137.90,495.230000
430,"Janice Himsworth",50,6,3,3,1869.34,778.69,13.44,311.556667
483,"Bertrand Penkethman",50,7,1,6,6064.33,1580.47,99.59,866.332857
558,"Allene Claypole",50,7,2,4,3471.30,1259.36,99.59,495.900000
595,"Nikola Jeanon",50,3,3,0,1257.26,954.82,53.62,419.086667
620,"Willy Langley",50,8,4,4,3440.95,1610.90,7.21,430.118750
699,"Mirabella Richter",50,3,1,2,1679.57,954.82,75.26,559.856667
749,"Andreas Cosin",50,9,5,4,5761.22,1759.85,125.07,640.135556
831,"Teddy Keijser",50,5,4,1,2362.25,1610.90,99.59,472.450000
834,"Rudolf Brandes",50,4,2,2,2873.23,1580.47,56.93,718.307500
867,"Lura MacKim",50,6,5,0,3203.72,1203.40,57.74,533.953333
928,"Porty Clemmitt",50,8,3,5,3571.97,954.82,7.21,446.496250
1166,"Fannie Devil",50,6,2,4,5099.09,1105.75,407.54,849.848333
1257,"Prentiss MacVicar",50,3,2,1,917.76,448.90,234.43,305.920000
1317,"Barrett Lindley",50,9,4,5,8346.10,1610.90,388.92,927.344444
1368,"Aarika Magog",50,6,3,3,3301.35,863.95,205.36,550.225000
1388,"Carny Shilstone",50,6,2,4,2445.87,614.80,215.03,407.645000
1445,"Bettine Yoselevitch",50,6,4,2,5059.59,1610.90,400.91,843.265000
1560,"Tymon Blackstone",50,3,2,1,861.41,770.89,45.26,287.136667
1641,"Vasily Sturgeon",50,9,6,3,5148.04,1082.36,7.21,572.004444
1870,"Alikee Sjollema",50,7,2,5,3373.56,1610.90,13.44,481.937143
1872,"Leif Feeney",50,6,3,2,3515.77,1167.18,53.62,585.961667
1880,"Garrett Dommett",50,5,1,4,1934.22,954.82,13.44,386.844000
1890,"Carce Gunthorp",50,9,4,5,4152.15,1203.40,44.71,461.350000
2012,"Maisey Lavell",50,5,2,3,2778.04,1105.75,137.90,555.608000
2264,"Tony Shirley",50,6,4,2,2640.56,1167.18,125.07,440.093333
2381,"Dulsea Pladen",50,7,2,5,5146.05,1531.42,161.60,735.150000
2451,"Upton Orford",50,3,1,2,1645.03,649.49,380.74,548.343333
2510,"Nealson Lowdham",50,6,3,3,2633.74,826.51,141.40,438.956667
2637,"Marcile Christley",50,11,7,4,2673.06,596.55,44.71,243.005455
2646,"Jesselyn Di Biaggi",50,5,4,1,2974.20,1516.13,215.14,594.840000
2850,"Andie Shorto",50,8,2,6,2628.81,1105.75,57.74,328.601250
2965,"Lynna Greenrod",50,6,3,3,3736.21,1531.42,57.74,622.701667
2997,"Jo-ann Carlile",50,6,3,3,3258.89,1043.77,136.73,543.148333
3007,"Tudor Pepper",50,7,3,4,4047.04,1234.29,75.26,578.148571
3051,"Edi Lugton",50,4,1,3,3732.26,1580.47,521.94,933.065000
3092,"Hallie Blackden",50,3,1,2,2403.42,933.84,594.68,801.140000
3220,"Hunt Linn",50,8,3,5,3312.08,795.10,74.51,414.010000
3226,"Andi Whittet",50,4,2,2,851.37,407.54,7.21,212.842500
3243,"Tim Besset",50,4,1,3,2802.39,1259.36,211.37,700.597500
3274,"Tory Dosdell",50,5,2,3,1930.90,954.82,136.73,386.180000
3292,"Hamlen Slograve",50,1,1,0,45.26,45.26,45.26,45.260000
3314,"Blakelee Tassel",50,6,3,3,3914.01,1610.90,137.90,652.335000
3323,"Cortie Hamshar",50,5,3,0,3708.94,1580.47,248.82,741.788000
3327,"Roma Le Gallo",50,8,3,4,2537.27,614.80,161.60,317.158750
3408,"Becka Bysaker",50,5,0,5,3097.54,1531.42,151.96,619.508000
3417,"Deedee Coxall",50,8,4,4,4590.91,1043.77,205.36,573.863750
68,"Dahlia Eddoes",49,3,3,0,1285.42,507.58,388.92,428.473333
87,"Fields Langdon",49,9,5,4,4253.97,1234.29,211.37,472.663333
147,"Rea Pattrick",49,6,1,5,3044.93,1043.77,99.59,507.488333
186,"Mireielle Jeppe",49,6,3,3,3384.68,820.78,215.14,564.113333
211,"Beitris ",49,9,2,7,5983.71,954.82,151.96,664.856667
227,"Wendall McKeand",49,5,2,3,1683.10,675.03,101.58,336.620000
305,"Cris Chellam",49,7,2,4,3684.38,778.69,151.96,526.340000
306,"Ruy Adanet",49,2,1,1,1123.11,594.68,528.43,561.555000
340,"Joshuah Purvey",49,8,1,7,5298.55,1516.13,173.18,662.318750
344,"Carlene Eyckelbeck",49,9,5,4,3285.61,1203.40,44.71,365.067778
378,"Raquela Yuille",49,7,4,3,2591.59,748.90,53.62,370.227143
468,"Valeria Ladyman",49,6,5,1,3201.27,950.52,53.62,533.545000
484,"Mason Kohrsen",49,5,3,2,3989.57,1759.85,312.74,797.914000
497,"Allissa Brinklow",49,4,2,2,1710.67,874.90,84.99,427.667500
543,"Mikey Rizzetti",49,5,2,3,2681.65,954.82,45.26,536.330000
639,"Mayor Ismay",49,6,2,4,3315.20,863.95,151.96,552.533333
646,"Rowena Parchment",49,4,2,2,2276.11,770.89,388.92,569.027500
707,"Homere Rounds",49,6,3,3,4195.41,1610.90,75.26,699.235000
729,"Ammamaria Standbridge",49,10,4,5,5328.22,1531.42,13.44,532.822000
733,"Ham Mayoh",49,10,4,6,6322.21,1203.40,13.44,632.221000
736,"Sansone Eastcourt",49,6,2,3,1847.86,709.48,45.26,307.976667
768,"Alexia Wolford",49,9,6,3,3844.95,762.63,108.76,427.216667
780,"Kim ",49,3,2,1,2701.10,1580.47,431.45,900.366667
795,"Cassy Awdry",49,5,1,4,3194.91,1479.11,154.40,638.982000
818,"Beverie Bosanko",49,6,5,1,3112.62,874.90,173.18,518.770000
845,"Koressa Maris",49,4,1,3,2325.40,993.66,75.26,581.350000
890,"Tony Cordsen",49,4,3,1,2924.54,954.82,270.30,731.135000
904,"Kariotta Ludman",49,4,2,2,3567.03,1516.13,513.85,891.757500
942,"Shirley Brook",49,4,0,2,1251.65,464.72,108.76,312.912500
1019,"Ignazio Milby",49,5,3,2,2962.45,1105.75,137.90,592.490000
1126,"Atlante Sonley",49,4,2,2,2590.07,1610.90,154.40,647.517500
1157,"Saunder Camerati",49,7,3,4,2689.07,863.95,57.74,384.152857
1198,"Alina Rickson",49,6,3,3,4073.66,1531.42,53.62,678.943333
1200,"Hedda Lathom",49,9,2,6,3660.69,1259.36,44.71,406.743333
1213,"Matthieu Schruur",49,7,2,5,2958.16,863.95,230.09,422.594286
1236,"Bryanty Megarrell",49,5,3,2,1993.34,764.96,13.44,398.668000
1259,"Emmi Dymock",49,7,4,3,5128.04,1259.36,206.35,732.577143
